name,type,path
README.md,File,README.md
CHANGELOG.md,File,CHANGELOG.md
Jekyll,Module,Jekyll.md
Jekyll::Slides,Module,Jekyll/Slides.md
Jekyll::Slides.ROOT,Constant,Jekyll/Slides.md#constant-ROOT
Jekyll::Slides.LAYOUT_NAME,Constant,Jekyll/Slides.md#constant-LAYOUT_NAME
Jekyll::Slides.THEMES,Constant,Jekyll/Slides.md#constant-THEMES
Jekyll::Slides.DEFAULT_THEME,Constant,Jekyll/Slides.md#constant-DEFAULT_THEME
Jekyll::Slides.VERSION,Constant,Jekyll/Slides.md#constant-VERSION
Jekyll::Slides::Assets,Module,Jekyll/Slides/Assets.md
Jekyll::Slides::Assets.asset_files,Method,Jekyll/Slides/Assets.md#method-c-asset_files
Jekyll::Slides::Assets.install,Method,Jekyll/Slides/Assets.md#method-c-install
Jekyll::Slides::Support,Module,Jekyll/Slides/Support.md
Jekyll::Slides::Support.escape,Method,Jekyll/Slides/Support.md#method-c-escape
Jekyll::Slides::Support.natural_sort_key,Method,Jekyll/Slides/Support.md#method-c-natural_sort_key
Jekyll::Slides::Support.warn,Method,Jekyll/Slides/Support.md#method-c-warn
Jekyll::Slides::FrontMatter,Module,Jekyll/Slides/FrontMatter.md
Jekyll::Slides::FrontMatter.parse,Method,Jekyll/Slides/FrontMatter.md#method-c-parse
Jekyll::Slides::FrontMatter.split,Method,Jekyll/Slides/FrontMatter.md#method-c-split
Jekyll::Slides::DeckAssembler,Module,Jekyll/Slides/DeckAssembler.md
Jekyll::Slides::DeckAssembler.assemble,Method,Jekyll/Slides/DeckAssembler.md#method-c-assemble
Jekyll::Slides::JekyllIntegration,Module,Jekyll/Slides/JekyllIntegration.md
Jekyll::Slides::JekyllIntegration.DEFAULTS,Constant,Jekyll/Slides/JekyllIntegration.md#constant-DEFAULTS
Jekyll::Slides::JekyllIntegration.BOOLEAN_OPTIONS,Constant,Jekyll/Slides/JekyllIntegration.md#constant-BOOLEAN_OPTIONS
Jekyll::Slides::JekyllIntegration.OPTION_KEYS,Constant,Jekyll/Slides/JekyllIntegration.md#constant-OPTION_KEYS
Jekyll::Slides::JekyllIntegration.install!,Method,Jekyll/Slides/JekyllIntegration.md#method-c-install-21
Jekyll::Slides::JekyllIntegration.process,Method,Jekyll/Slides/JekyllIntegration.md#method-c-process
Jekyll::Slides::JekyllIntegration.process_site,Method,Jekyll/Slides/JekyllIntegration.md#method-c-process_site
Jekyll::Slides::Deck,Class,Jekyll/Slides/Deck.md
Jekyll::Slides::Deck.OPTION_KEYS,Constant,Jekyll/Slides/Deck.md#constant-OPTION_KEYS
Jekyll::Slides::Deck.consumed_paths,Method,Jekyll/Slides/Deck.md#method-i-consumed_paths
Jekyll::Slides::Deck.content,Method,Jekyll/Slides/Deck.md#method-i-content
Jekyll::Slides::Deck.deck?,Method,Jekyll/Slides/Deck.md#method-i-deck-3F
Jekyll::Slides::Deck.initialize,Method,Jekyll/Slides/Deck.md#method-i-initialize
Jekyll::Slides::Deck.slide_paths,Method,Jekyll/Slides/Deck.md#method-i-slide_paths
Jekyll::Slides::Assets::SiteAssetFile,Class,Jekyll/Slides/Assets/SiteAssetFile.md
Jekyll::Slides::Assets::SiteAssetFile.write,Method,Jekyll/Slides/Assets/SiteAssetFile.md#method-i-write
Jekyll::Slides::Layout,Class,Jekyll/Slides/Layout.md
Jekyll::Slides::Layout.initialize,Method,Jekyll/Slides/Layout.md#method-i-initialize
Jekyll::Slides::Renderer,Class,Jekyll/Slides/Renderer.md
Jekyll::Slides::Renderer.convert,Method,Jekyll/Slides/Renderer.md#method-i-convert
Jekyll::Slides::SlideFile,Class,Jekyll/Slides/SlideFile.md
Jekyll::Slides::SlideFile.initialize,Method,Jekyll/Slides/SlideFile.md#method-i-initialize
Jekyll::Slides::SlideFile.slides,Method,Jekyll/Slides/SlideFile.md#method-i-slides
Jekyll::Slides::Presentation,Class,Jekyll/Slides/Presentation.md
Jekyll::Slides::Presentation.initialize,Method,Jekyll/Slides/Presentation.md#method-i-initialize
Jekyll::Slides::Presentation.render,Method,Jekyll/Slides/Presentation.md#method-i-render
Jekyll::Slides::RangeParser,Class,Jekyll/Slides/RangeParser.md
Jekyll::Slides::RangeParser.MAX_RANGE_SIZE,Constant,Jekyll/Slides/RangeParser.md#constant-MAX_RANGE_SIZE
Jekyll::Slides::RangeParser.initialize,Method,Jekyll/Slides/RangeParser.md#method-i-initialize
Jekyll::Slides::RangeParser.parse,Method,Jekyll/Slides/RangeParser.md#method-i-parse
Jekyll::Slides::RangeParser.parse,Method,Jekyll/Slides/RangeParser.md#method-c-parse
Jekyll::Slides::RougeRenderer,Class,Jekyll/Slides/RougeRenderer.md
Jekyll::Slides::RougeRenderer.initialize,Method,Jekyll/Slides/RougeRenderer.md#method-i-initialize
Jekyll::Slides::RougeRenderer.render,Method,Jekyll/Slides/RougeRenderer.md#method-i-render
Jekyll::Slides::RougeRenderer.render_lines,Method,Jekyll/Slides/RougeRenderer.md#method-i-render_lines
Jekyll::Slides::SlideMetadata,Class,Jekyll/Slides/SlideMetadata.md
Jekyll::Slides::SlideMetadata.LAYOUTS,Constant,Jekyll/Slides/SlideMetadata.md#constant-LAYOUTS
Jekyll::Slides::SlideMetadata.BACKGROUNDS,Constant,Jekyll/Slides/SlideMetadata.md#constant-BACKGROUNDS
Jekyll::Slides::SlideMetadata.KEYS,Constant,Jekyll/Slides/SlideMetadata.md#constant-KEYS
Jekyll::Slides::SlideMetadata.initialize,Method,Jekyll/Slides/SlideMetadata.md#method-i-initialize
Jekyll::Slides::SlideMetadata.parse,Method,Jekyll/Slides/SlideMetadata.md#method-i-parse
Jekyll::Slides::SlideMetadata.parse,Method,Jekyll/Slides/SlideMetadata.md#method-c-parse
Jekyll::Slides::SlideMetadata.split_comment,Method,Jekyll/Slides/SlideMetadata.md#method-c-split_comment
Jekyll::Slides::SlideMetadata.background,Attribute,Jekyll/Slides/SlideMetadata.md#attribute-i-background
Jekyll::Slides::SlideMetadata.content,Attribute,Jekyll/Slides/SlideMetadata.md#attribute-i-content
Jekyll::Slides::SlideMetadata.custom_class,Attribute,Jekyll/Slides/SlideMetadata.md#attribute-i-custom_class
Jekyll::Slides::SlideMetadata.layout,Attribute,Jekyll/Slides/SlideMetadata.md#attribute-i-layout
Jekyll::Slides::SlideMetadata.values,Attribute,Jekyll/Slides/SlideMetadata.md#attribute-i-values
Jekyll::Slides::SlideRenderer,Class,Jekyll/Slides/SlideRenderer.md
Jekyll::Slides::SlideRenderer.initialize,Method,Jekyll/Slides/SlideRenderer.md#method-i-initialize
Jekyll::Slides::SlideRenderer.render,Method,Jekyll/Slides/SlideRenderer.md#method-i-render
Jekyll::Slides::ComponentRenderer,Class,Jekyll/Slides/ComponentRenderer.md
Jekyll::Slides::ComponentRenderer.FRAGMENT_PATTERN,Constant,Jekyll/Slides/ComponentRenderer.md#constant-FRAGMENT_PATTERN
Jekyll::Slides::ComponentRenderer.SIZES,Constant,Jekyll/Slides/ComponentRenderer.md#constant-SIZES
Jekyll::Slides::ComponentRenderer.LONG_CODE_LINE_THRESHOLD,Constant,Jekyll/Slides/ComponentRenderer.md#constant-LONG_CODE_LINE_THRESHOLD
Jekyll::Slides::ComponentRenderer.initialize,Method,Jekyll/Slides/ComponentRenderer.md#method-i-initialize
Jekyll::Slides::ComponentRenderer.render,Method,Jekyll/Slides/ComponentRenderer.md#method-i-render
Jekyll::Slides::ComponentRenderer.render_document,Method,Jekyll/Slides/ComponentRenderer.md#method-i-render_document
Jekyll::Slides::ComponentRenderer.render_fragments,Method,Jekyll/Slides/ComponentRenderer.md#method-i-render_fragments
Jekyll::Slides::ComponentRenderer.render,Method,Jekyll/Slides/ComponentRenderer.md#method-c-render
Jekyll::Slides::ComponentRenderer::RenderedDocument,Class,Jekyll/Slides/ComponentRenderer/RenderedDocument.md
Jekyll::Slides::ComponentRenderer::RenderedDocument.components,Attribute,Jekyll/Slides/ComponentRenderer/RenderedDocument.md#attribute-i-components
Jekyll::Slides::ComponentRenderer::RenderedDocument.fragments,Attribute,Jekyll/Slides/ComponentRenderer/RenderedDocument.md#attribute-i-fragments
Jekyll::Slides::PresentationParser,Class,Jekyll/Slides/PresentationParser.md
Jekyll::Slides::PresentationParser.initialize,Method,Jekyll/Slides/PresentationParser.md#method-i-initialize
Jekyll::Slides::PresentationParser.parse,Method,Jekyll/Slides/PresentationParser.md#method-i-parse
Jekyll::Slides::PresentationParser.parse,Method,Jekyll/Slides/PresentationParser.md#method-c-parse
